id,muscle_id,exercise_type,difficulty_level,common_name,area_of_pain,solution_stretch,why,instructions,process
"ref-001","{hands}","relief","beginner","fingertip sensitivity relief tapping","fingertips","Fingertip Tapping Release","Relieves nerve sensitivity and increases blood flow to the distal joints of the fingers.","**STEP 1:** Bring your fingertips together. **STEP 2:** Gently tap each finger against the corresponding finger of the opposite hand. **STEP 3:** Increase speed gradually while maintaining light contact.","2 minutes, 3 times daily"
"ref-002","{hands}","relief","beginner","knuckle joint traction decompression","knuckles","Knuckle Traction Relief","Decompresses the MCP joints to relieve stiffness from repetitive gripping.","**STEP 1:** Hold the base of one finger with your opposite hand. **STEP 2:** Pull the finger gently away from the hand. **STEP 3:** Hold the slight tension for 5 seconds. Repeat for all knuckles.","1 set of 5 reps per finger"
"ref-003","{hands}","relief","beginner","front of hand palm press release","front_hand","Palm Pressure Release","Releases the palmar fascia and intrinsic hand muscles strained by over-typing.","**STEP 1:** Use your opposite thumb to press into the center of your palm. **STEP 2:** Make slow, deep outward circles. **STEP 3:** Focus on the meaty pads below the thumb.","2 minutes per hand"
"ref-004","{hands}","relief","beginner","back of hand extensor tendon glide","back_hand","Back-of-Hand Tendon Glide","Reduces adhesions in the extensor tendons on the dorsum of the hand.","**STEP 1:** Place your hand flat on a table. **STEP 2:** Try to lift one finger at a time as high as possible. **STEP 3:** Hold each lift for 2 seconds.","5 reps per finger"
"ref-005","{hands}","relief","beginner","thumb side radial nerve glide","thumb_side","Radial Nerve Hand Glide","Reduces nerve tension and 'zapping' feelings along the thumb side of the hand.","**STEP 1:** Extend your arm with palm facing your leg. **STEP 2:** Flex your wrist and rotate the arm inward. **STEP 3:** Tilt your head away from the arm.","10 gentle glides"
"ref-006","{hands}","relief","beginner","pinky side ulnar nerve relief","pinky_side","Ulnar Nerve 'Mask' Stretch","Relieves tingling and pain in the pinky and ring finger typical of cubital tunnel or ulnar strain.","**STEP 1:** Make an 'OK' sign with your hand. **STEP 2:** Turn the hand upside down and place the 'circle' over your eye. **STEP 3:** Feel the pull along the pinky side.","5 holds of 10 seconds"
"ref-007","{hands}","relief","beginner","wrist front flexor tunnel stretch","wrist_front","Anterior Wrist Tunnel Stretch","Opens the carpal tunnel and lengthens the wrist flexors at the crease.","**STEP 1:** Extend arm, palm up. **STEP 2:** Pull fingers back toward your elbow. **STEP 3:** Ensure the stretch is felt at the front of the wrist crease.","3 holds of 30 seconds"
"ref-008","{hands}","relief","beginner","wrist back extensor sheath release","wrist_back","Dorsal Wrist Sheath Release","Relieves pressure on the top of the wrist where tendons often become inflamed.","**STEP 1:** Make a gentle fist. **STEP 2:** Bend the wrist downward. **STEP 3:** Use the other hand to add light pressure to the top of the fist.","3 holds of 30 seconds"
"ref-009","{neck}","relief","beginner","skull base upper neck release","upper_neck","Skull Base Decompression","Releases the sub-occipital muscles that cause tension headaches at the top of the neck.","**STEP 1:** Place two fingers at the very top of your neck. **STEP 2:** Tuck your chin slightly to create space. **STEP 3:** Press and make tiny upward circles.","2 minutes"
"ref-010","{neck}","relief","beginner","lower neck shoulder junction stretch","lower_neck","Neck-Shoulder Junction Release","Targets the point where the neck meets the traps, a common hotspot for 'desk neck'.","**STEP 1:** Tilt head to the side. **STEP 2:** Place hand on your head and pull gently. **STEP 3:** Angle your chin toward your opposite armpit.","3 holds of 30 seconds"
"ref-011","{lower_back}","relief","beginner","tailbone sacral decompression pose","tailbone","Sacral Decompression","Relieves pressure at the very base of the spine and SI joint.","**STEP 1:** Lie on your back, knees bent. **STEP 2:** Place a small rolled towel under your sacrum (the flat bone above the tailbone). **STEP 3:** Let your hips sink into the towel for 3 minutes.","Hold for 3-5 minutes"
"ref-012","{lower_back}","relief","beginner","si joint pelvic tilt relief","si_joint","SI Joint Reset Tilt","Stabilizes and re-aligns the Sacroiliac joint to reduce localized hip/low back pain.","**STEP 1:** Lie on back, knees bent. **STEP 2:** Flatten your lower back into the floor by tilting your pelvis. **STEP 3:** Hold 5 seconds, then relax to natural arch.","15 reps"
"ref-013","{knees}","relief","beginner","kneecap patellar mobilization","kneecap","Patellar Glide Mobilization","Restores smooth tracking of the kneecap to reduce pain during walking or stairs.","**STEP 1:** Sit with leg straight, quad relaxed. **STEP 2:** Use your thumbs to gently push the kneecap left, right, up, and down. **STEP 3:** Movements should be slow and painless.","10 glides in each direction"
"ref-014","{knees}","relief","beginner","inner knee medial collateral stretch","inner_knee","Medial Knee Release","Relieves tension on the inner side of the knee joint.","**STEP 1:** Sit with legs apart. **STEP 2:** Gently press your knee outward while your hand resists slightly. **STEP 3:** Feel the opening on the inner joint line.","5 holds of 10 seconds"
"ref-015","{hands}","yoga","beginner","hand lotus finger opening","fingertips","Lotus Hand Flower","Yoga-based finger mobility that improves dexterity and reduces stiffness.","**STEP 1:** Touch all fingertips together. **STEP 2:** Slowly 'bloom' the fingers outward while keeping the bases of the palms together. **STEP 3:** Reverse the motion.","10 slow blooms"
"ref-016","{hands}","warmup","beginner","rapid hand flicking warmup","fingertips","Fingertip Flicking Warmup","Increases blood flow to the fingers before fine motor tasks.","**STEP 1:** Shake hands loosely. **STEP 2:** Rapidly flick your fingers as if flicking water away. **STEP 3:** Continue for 30 seconds.","30 seconds burst"
"ref-017","{hands}","strength","beginner","finger band extension strength","fingertips","Finger Band Extensions","Builds extensor strength on the back of the hand and fingers.","**STEP 1:** Place a rubber band around your fingertips. **STEP 2:** Spread your fingers apart as far as possible. **STEP 3:** Hold for 2 seconds.","3 sets of 15"
"ref-018","{hands}","posture","beginner","neutral hand desk reset","front_hand","Desktop Hand Reset","Retrains the hand to rest in a neutral cup shape during computer work.","**STEP 1:** Stop typing. **STEP 2:** Let your hands rest on your lap in a natural, slightly curved cup shape. **STEP 3:** Take 3 breaths, noticing how complete relaxation feels.","Every 30 minutes of work"
"ref-019","{forearms}","relief","beginner","medial elbow inner release","medial_elbow","Inner Elbow Release","Relieves the specific point of tension at the inner elbow bone.","**STEP 1:** Use your thumb to find the bone on the inner elbow. **STEP 2:** Move 1cm toward the wrist to find the muscle attachment. **STEP 3:** Apply firm pressure and slowly rotate your wrist.","2 minutes"
"ref-020","{forearms}","relief","beginner","lateral elbow outer release","lateral_elbow","Outer Elbow Release","Targets the attachment point of the wrist extensors at the outer elbow.","**STEP 1:** Find the bone on the outer elbow. **STEP 2:** Press firmly just below the bone. **STEP 3:** Extend and flex your wrist while maintaining pressure.","2 minutes"

